trial_id,status,val_accuracy,hw_val_accuracy,float_val_accuracy,quant_gap,deployable,weight_clip_frac,min_threshold,feasible,epochs_run,stopped_early,synops_per_sample,neurons,connections,params,depth,channels,kernel_size,stride,downsample_mode,resize_to,T,tau,trainable_tau,trainable_threshold,fc_layers,final_reduction,dropout_rate,norm,tdbn_alpha,optimizer,lr,weight_decay,scheduler,label_smoothing,grad_clip
6344749a,deployed,,,0.0,,False,,,False,0,False,,,,,2,32,7,,pool,64,8,2,True,True,0,flatten,0.11717361399850788,tdbn,1.0379946318225057,adamw,0.0015333347180301448,0.004062496790976005,step,0.01935299566246338,5.0
cc37d57d,deployed,,,0.0,,False,,,False,0,False,,,,,2,64,5,2,stride,64,16,6,True,True,1,flatten,0.2460142710621939,bn,,adamw,0.0006106798961829203,1.412051450816778e-05,onecycle,0.1334918911885624,0.0
ae9fd548,deployed,,,0.0,,False,,,False,0,False,,,,,4,32,7,2,stride,32,16,63,False,False,0,flatten,0.2953004077968512,tdbn,1.0044439865703871,adamw,0.0009907659983632371,0.0010226697134052799,cosine,0.02351919798012081,0.0
09a5f67b,deployed,,,0.0,,False,,,False,0,False,,,,,4,64,7,2,stride,32,8,3,False,False,0,flatten,0.23051903848535102,bn,,adamw,0.000876761967442513,0.0004069753953249789,step,0.02692629776714757,5.0
6ad6da88,pruned_before_deploy,,,0.5909090909090909,,,,,,8,False,,,,,3,32,7,2,stride,64,16,6,True,False,1,flatten,0.29101864987000997,tdbn,0.7990995401333747,adam,0.001214143119525983,3.725688210666361e-05,cosine,0.02191039270790758,5.0
e3feeb98,deployed,,,0.0,,False,,,False,0,False,,,,,2,64,5,2,stride,64,16,8,True,False,1,flatten,0.41846280520219503,tdbn,1.1940592472576146,adamw,0.0005381756163423706,0.0021658522720696422,none,0.1697370698027577,5.0
1fd7be46,pruned_before_deploy,,,0.5681818181818182,,,,,,8,False,,,,,4,64,7,2,stride,64,16,63,True,True,1,flatten,0.4316176584504001,tdbn,1.3895880762291872,adam,0.003290693641059445,0.0006119719862306387,cosine,0.041880582742043454,0.0
a4982510,pruned_before_deploy,,,0.6420454545454546,,,,,,8,False,,,,,2,32,7,,pool,32,16,2,False,True,0,flatten,0.1824285727465598,tdbn,1.6539737254491473,adam,0.0010887367973329697,2.741632431457408e-05,none,0.08026762096771295,5.0
7949be12,pruned_before_deploy,,,0.3806818181818182,,,,,,8,False,,,,,4,32,7,2,stride,64,8,3,False,False,0,flatten,0.3443944208974643,bn,,adamw,0.0008171167132143396,0.00014860535660242825,onecycle,0.193282430383673,5.0
2a6428bc,pruned_before_deploy,,,0.3522727272727273,,,,,,8,False,,,,,4,32,5,,pool,32,16,4,False,True,0,flatten,0.27942242860021427,bn,,adamw,0.0007690539140655618,4.452678665132326e-05,none,0.10569112179512088,1.0
c383bf57,deployed,,,0.0,,False,,,False,0,False,,,,,2,32,7,,pool,64,8,63,True,True,0,flatten,0.42482662125785287,bn,,adam,0.004582181822697552,2.426305184707434e-05,none,0.1942596274741795,1.0
57a01a92,deployed,,,0.0,,False,,,False,0,False,,,,,4,32,7,2,stride,32,8,2,False,True,1,flatten,0.27882537802792373,bn,,adam,0.0006186964664323432,1.2528393050436252e-07,step,0.015719700646539915,5.0
4cd756b8,deployed,,,0.0,,False,,,False,0,False,,,,,2,64,7,2,stride,64,16,8,False,False,0,flatten,0.3803180942552088,bn,,adam,0.0023399361495323877,3.8020291496984265e-06,cosine,0.1168666527501598,5.0
a3971df2,deployed,,,0.0,,False,,,False,0,False,,,,,2,64,5,2,stride,64,8,4,False,False,0,flatten,0.22883976833807823,bn,,adamw,0.0014746528062124285,2.4319780682424948e-05,step,0.16630415646100555,5.0
89526b34,deployed,,,0.0,,False,,,False,0,False,,,,,3,32,7,2,stride,32,8,2,True,False,0,flatten,0.28169336296649167,tdbn,0.7066731509917112,adam,0.0005122805032117674,4.254067329625531e-06,none,0.1460802820187349,5.0
aa2ceb3d,deployed,,,0.0,,False,,,False,0,False,,,,,2,32,7,,pool,64,8,3,True,True,0,flatten,0.42210807793323024,bn,,adamw,0.0008456405240291281,0.0007292577197299626,none,0.15522713102011176,1.0
f8faa640,deployed,,,0.0,,False,,,False,0,False,,,,,2,64,5,,pool,64,8,16,True,False,0,flatten,0.24926117971346698,tdbn,1.6358439281555208,adamw,0.0007600818905007928,0.0009192415903812638,none,0.08809633199234734,5.0
e1609bce,deployed,,,0.0,,False,,,False,0,False,,,,,2,64,5,,pool,64,16,63,True,False,0,flatten,0.22246133674278648,bn,,adam,0.00230409446592802,5.940361894958888e-07,cosine,0.19273903583355306,0.0
8cf6e906,deployed,,,0.0,,False,,,False,0,False,,,,,3,32,7,2,stride,32,16,6,False,True,0,flatten,0.1897827208753463,tdbn,1.6188027813960413,adamw,0.003345581591217399,0.0011653037840847207,onecycle,0.16766806820702537,1.0
5120efdc,pruned_before_deploy,,,0.6477272727272727,,,,,,8,False,,,,,2,32,7,2,stride,64,16,32,True,False,1,flatten,0.4319835301296586,bn,,adam,0.0006345413172008827,0.00016730218343676426,cosine,0.10289434994150096,5.0
d945a0a1,pruned_before_deploy,,,0.5568181818181818,,,,,,8,False,,,,,4,32,5,2,stride,64,8,63,False,True,1,flatten,0.16464056026312163,tdbn,1.6900864909725737,adam,0.0009942763784635792,1.4946632345514495e-06,step,0.17343591755002447,5.0
ae1ad1de,pruned_before_deploy,,,0.3409090909090909,,,,,,8,False,,,,,4,64,7,,pool,32,8,6,True,False,1,flatten,0.2752923772692144,bn,,adamw,0.0032885035226910006,0.006312677758220274,none,0.059815696695311615,0.0
4fbb576e,pruned_before_deploy,,,0.6363636363636364,,,,,,8,False,,,,,4,64,7,2,stride,64,8,32,True,True,1,flatten,0.2053237856230092,tdbn,0.9870832387421455,adamw,0.0009333394205267674,0.00019160588144900715,none,0.009492367126120983,0.0
0971232f,pruned_before_deploy,,,0.5,,,,,,8,False,,,,,2,32,5,2,stride,64,16,32,True,True,0,flatten,0.21157846436805047,tdbn,1.5843019196474186,adam,0.0025305556489266367,5.177765081239878e-06,cosine,0.1466382798498207,1.0
ddaea871,pruned_before_deploy,,,0.48295454545454547,,,,,,8,False,,,,,4,32,5,2,stride,64,8,6,True,False,1,flatten,0.4460856513149023,tdbn,1.4093687548608147,adamw,0.001240893786911354,0.0002169409067720339,cosine,0.0254970372412634,0.0
6cde4aa2,pruned_before_deploy,,,0.6363636363636364,,,,,,8,False,,,,,3,64,5,2,stride,64,16,32,True,False,0,flatten,0.39133499838561614,tdbn,1.133018454894459,adamw,0.000753802679011876,0.0002046743134412945,none,0.10742527510785711,0.0
34f66cf9,pruned_before_deploy,,,0.6477272727272727,,,,,,8,False,,,,,3,32,7,2,stride,64,8,3,False,True,0,flatten,0.31481597076391626,bn,,adam,0.000690268894234798,9.490701980143296e-06,none,0.006515528451256292,1.0
a52e1944,pruned_before_deploy,,,0.5625,,,,,,8,False,,,,,3,64,7,2,stride,64,8,2,False,False,0,flatten,0.39863225654235623,bn,,adam,0.0046868251961370315,4.757641316416909e-05,step,0.16917646560025812,1.0
1e70c307,deployed,,,0.0,,False,,,False,0,False,,,,,3,32,7,2,stride,32,16,3,False,True,1,flatten,0.10062521818689149,bn,,adam,0.00051016776754067,6.174004079942561e-05,onecycle,0.04258374636585205,1.0
05399c25,deployed,,,0.0,,False,,,False,0,False,,,,,3,32,7,2,stride,32,16,3,False,True,1,flatten,0.10402295887478555,bn,,adam,0.0005741796196234601,6.064305876038577e-05,onecycle,0.04671352564276082,1.0
c786d57b,pruned_before_deploy,,,0.6136363636363636,,,,,,8,False,,,,,3,32,5,2,stride,32,8,3,True,True,1,flatten,0.10689112697498106,tdbn,1.9114162470994114,adam,0.0035239328767159984,7.611359444265119e-06,none,0.009538712240833004,0.0
74f0a946,pruned_before_deploy,,,0.5454545454545454,,,,,,8,False,,,,,4,32,5,2,stride,32,16,32,False,True,1,flatten,0.16220110745308497,tdbn,1.3571177760118784,adamw,0.004827658100349368,0.0013200826113587529,none,0.05413258837308648,0.0
c1fa4d8b,pruned_before_deploy,,,0.4602272727272727,,,,,,8,False,,,,,3,64,5,2,stride,32,8,3,True,True,1,flatten,0.37060088241690825,bn,,adam,0.004961367125419128,3.466416870173561e-05,onecycle,0.08943829675469349,5.0
34899f49,pruned_before_deploy,,,0.39204545454545453,,,,,,8,False,,,,,4,64,5,,pool,64,16,4,True,False,0,flatten,0.4257135222160492,bn,,adam,0.0019856125330957935,8.699762563743893e-06,onecycle,0.07459292199031357,5.0
28a17151,pruned_before_deploy,,,0.6420454545454546,,,,,,8,False,,,,,3,32,5,2,stride,64,16,32,False,True,1,flatten,0.10570355196577333,tdbn,0.7234049233607086,adam,0.0011305346231283734,5.5825633177429794e-05,cosine,0.09877108165714667,5.0
31fefbe5,pruned_before_deploy,,,0.4659090909090909,,,,,,8,False,,,,,4,32,5,2,stride,32,16,32,True,False,1,flatten,0.11717667699276405,tdbn,0.543657141580564,adam,0.0011962553342686898,0.00012203208377748996,cosine,0.04934035857050786,0.0
978ce605,pruned_before_deploy,,,0.5795454545454546,,,,,,8,False,,,,,4,32,5,2,stride,64,16,32,False,True,1,flatten,0.10059118529346633,tdbn,0.801481862008539,adam,0.0010641277450179417,0.00011301954325960189,cosine,0.066272643883511,0.0
8258b0f0,pruned_before_deploy,,,0.3352272727272727,,,,,,8,False,,,,,4,32,5,,pool,64,8,2,True,True,1,flatten,0.21797177509029453,bn,,adamw,0.0008503522578720594,1.080748717966634e-05,none,0.05136116692588835,1.0
c83256f1,pruned_before_deploy,,,0.625,,,,,,8,False,,,,,3,32,5,2,stride,64,16,32,False,True,1,flatten,0.11209694068266213,tdbn,0.7990073690934784,adam,0.001146664899420581,4.254895704100183e-05,cosine,0.11173866458228468,5.0
9d2a56e7,pruned_before_deploy,,,0.5852272727272727,,,,,,8,False,,,,,2,32,7,,pool,32,16,6,True,True,1,flatten,0.12831594828352125,tdbn,1.9149241681585916,adamw,0.003017586141916005,8.888071182417895e-05,cosine,0.056169897290396564,0.0
cdf34825,pruned_before_deploy,,,0.3977272727272727,,,,,,8,False,,,,,3,32,7,2,stride,64,16,3,False,True,1,flatten,0.3436887870763198,bn,,adam,0.0013132137903065662,1.3555139425791567e-05,cosine,0.07127961343394787,5.0
a1c7c418,pruned_before_deploy,,,0.48295454545454547,,,,,,8,False,,,,,3,64,7,,pool,64,16,63,True,False,1,flatten,0.3536363308819195,bn,,adam,0.0008707220019425946,0.0002001974148313803,none,0.08500209605120901,1.0
045be978,pruned_before_deploy,,,0.4318181818181818,,,,,,8,False,,,,,3,32,7,2,stride,64,16,4,False,True,1,flatten,0.32618530785359223,bn,,adam,0.0013906466396798186,1.1036006821886398e-05,cosine,0.07431095795838352,5.0
96cbff1c,pruned_before_deploy,,,0.5795454545454546,,,,,,8,False,,,,,3,64,7,2,stride,64,16,32,True,False,1,flatten,0.10377697730349726,tdbn,0.5878533239749089,adamw,0.0012980550917542535,0.0001869900148245138,onecycle,0.004632461727931775,0.0
781a6535,pruned_before_deploy,,,0.4943181818181818,,,,,,8,False,,,,,3,64,7,2,stride,64,16,32,True,False,1,flatten,0.11359093513583929,tdbn,0.5174901510847156,adamw,0.0011671083505887805,0.0002158150430269863,onecycle,0.004074283437800377,0.0
f64d412d,pruned_before_deploy,,,0.5681818181818182,,,,,,8,False,,,,,3,64,7,2,stride,64,16,32,True,True,1,flatten,0.11467101452757789,tdbn,0.6261764254958875,adamw,0.001485149764379399,0.00016985532439872818,onecycle,0.04779135039245952,0.0
c23c727f,pruned_before_deploy,,,0.5113636363636364,,,,,,8,False,,,,,3,32,7,2,stride,64,16,32,False,True,1,flatten,0.33536748648947834,bn,,adam,0.0012180144429687777,1.533914415255475e-05,cosine,0.13021861164887846,5.0
d731b663,pruned_before_deploy,,,0.5227272727272727,,,,,,8,False,,,,,3,32,7,2,stride,64,16,16,False,True,1,flatten,0.33383575409795074,bn,,adam,0.0006876898711759052,1.8255251829398562e-05,cosine,0.12199864782396166,5.0
1e0c59a0,pruned_before_deploy,,,0.4602272727272727,,,,,,8,False,,,,,3,32,7,2,stride,64,16,8,False,True,1,flatten,0.3314193680545859,bn,,adam,0.0006806466323255949,1.3735533047107794e-05,cosine,0.12275049331974956,5.0
5e1e98a6,pruned_before_deploy,,,0.4659090909090909,,,,,,8,False,,,,,3,32,7,2,stride,64,16,16,False,True,1,flatten,0.33264466530391495,bn,,adam,0.0006835325951280074,1.5783277655525736e-05,cosine,0.1114790487866304,5.0
71b2760d,pruned_before_deploy,,,0.44886363636363635,,,,,,8,False,,,,,3,32,7,2,stride,64,16,8,False,True,1,flatten,0.35122833470478654,bn,,adam,0.0006591567848706649,1.3498457929445889e-05,cosine,0.12442362677102674,5.0
967ab7cb,deployed,,,0.0,,False,,,False,0,False,,,,,2,64,5,2,stride,64,8,32,True,False,0,flatten,0.30010265770870204,tdbn,1.0868339311454829,adamw,0.0009642649855730607,0.0003486684951506113,none,0.10034632195790974,0.0
658d1aa4,deployed,,,0.0,,False,,,False,0,False,,,,,2,64,5,2,stride,64,8,32,True,False,0,flatten,0.3005174906194845,tdbn,1.0012808623498461,adamw,0.0009599885636252475,0.00036897899897855716,none,0.02640439622999355,0.0
03c06ebc,pruned_before_deploy,,,0.5227272727272727,,,,,,8,False,,,,,4,64,7,2,stride,64,8,32,True,True,1,flatten,0.33768877648364654,bn,,adam,0.0011192154158410797,0.00013295804327466965,cosine,0.0732933850937875,5.0
59b61d53,pruned_before_deploy,,,0.5795454545454546,,,,,,8,False,,,,,4,64,7,2,stride,64,8,32,True,True,1,flatten,0.33837381704090297,bn,,adam,0.0011013790136274895,0.0001673624338906044,cosine,0.07552263122699084,5.0
5976dc98,pruned_before_deploy,,,0.5397727272727273,,,,,,8,False,,,,,4,64,7,2,stride,64,8,32,True,True,1,flatten,0.34787158001476604,bn,,adam,0.0011020834504747229,0.00016342619212219176,cosine,0.07834861744789531,5.0
c8eaaf2b,deployed,,,0.0,,False,,,False,0,False,,,,,2,64,5,,pool,64,8,4,True,False,0,flatten,0.4089704020230916,tdbn,1.0451875217978852,adamw,0.0005784016562270946,0.0003457858286613479,none,0.034677935445741506,0.0
8cfcac42,pruned_before_deploy,,,0.3806818181818182,,,,,,8,False,,,,,4,32,7,2,stride,64,8,32,True,True,1,flatten,0.33889948529067665,bn,,adamw,0.0010430233198567905,0.0001848921758244516,cosine,0.031833108827802645,0.0
db145664,pruned_before_deploy,,,0.5454545454545454,,,,,,8,False,,,,,4,32,7,2,stride,64,8,32,True,True,1,flatten,0.33538757507328404,bn,,adamw,0.0011004329906005954,0.00016426664963199817,cosine,7.679089888775695e-05,0.0
f43ae5af,deployed,,,0.0,,False,,,False,0,False,,,,,2,64,5,,pool,64,8,4,True,False,0,flatten,0.447271949825259,tdbn,1.0396332382552846,adamw,0.0007767958232960777,0.0003337575132623003,none,0.025534579375693457,1.0
d2edb4b2,pruned_before_deploy,,,0.4772727272727273,,,,,,8,False,,,,,4,32,7,2,stride,64,8,32,True,True,1,flatten,0.3342974524405749,bn,,adamw,0.0010777674179456805,0.00014985053014731663,cosine,0.027818891184696024,0.0
d5781805,deployed,,,0.0,,False,,,False,0,False,,,,,2,64,5,,pool,64,8,6,False,False,0,flatten,0.4484863089378922,tdbn,1.2145716738572434,adamw,0.0016454090273308932,0.0004711580086646553,none,0.10140361876099019,1.0
2c0031ec,pruned_before_deploy,,,0.5170454545454546,,,,,,8,False,,,,,3,32,7,2,stride,64,16,16,False,True,1,flatten,0.33056556468567666,bn,,adam,0.001752836408741493,1.570022113056054e-05,cosine,0.11953290657690516,5.0
fb217eb2,pruned_before_deploy,,,0.5454545454545454,,,,,,8,False,,,,,2,32,7,2,stride,64,8,32,False,True,1,flatten,0.3014915016001302,bn,,adam,0.0017235863842582908,2.003104585618438e-06,none,0.02945042632820445,5.0
458a1fd1,pruned_before_deploy,,,0.7784090909090909,,,,,,24,False,,,,,2,64,7,2,stride,32,16,4,True,True,0,flatten,0.17269906596389026,tdbn,1.8042765168299235,adamw,0.0014052148171010902,0.0008730064198105646,onecycle,0.1074436002906955,1.0
6621e5cc,deployed,0.75,0.75,0.6875,-0.0625,True,0.0,0.050000011920928955,,0,False,9670965.286838429,,,,3,32,5,2,stride,32,16,2,False,False,0,flatten,0.31834293662561924,tdbn,0.9000861511111379,adamw,0.0025111117209219136,1.0008439439320268e-05,none,0.045904897293481045,1.0
07813d03,pruned_before_deploy,,,0.7215909090909091,,,,,,24,False,,,,,3,32,5,2,stride,64,16,32,False,True,1,flatten,0.10491870380270997,tdbn,0.7448909454708564,adam,0.001152263171470765,6.77450246130568e-05,cosine,0.10792025702977273,5.0
843897a2,pruned_before_deploy,,,0.6988636363636364,,,,,,24,False,,,,,3,32,5,2,stride,64,16,32,False,True,1,flatten,0.11021801430770521,tdbn,0.7543098293467714,adam,0.0010988538364776253,4.861150289409896e-05,cosine,0.11222901921977306,5.0
e615f6c2,pruned_before_deploy,,,0.6022727272727273,,,,,,8,False,,,,,3,32,5,2,stride,64,16,63,False,False,0,flatten,0.14416659851885874,tdbn,0.7819619386891321,adam,0.0007644488630695984,2.0493948382632277e-06,step,0.015264260054432752,5.0
1972a387,pruned_before_deploy,,,0.6363636363636364,,,,,,8,False,,,,,3,32,5,2,stride,64,16,63,False,False,0,flatten,0.24389796581065537,tdbn,0.8508171755046332,adam,0.0008033880869406623,7.415439164409969e-05,step,0.10834872087492341,5.0
779b7aea,pruned_before_deploy,,,0.7670454545454546,,,,,,24,False,,,,,2,32,5,2,stride,64,16,6,False,False,0,flatten,0.1477509527181377,tdbn,0.8624134514519839,adam,0.0015773387078823332,3.475411176981945e-05,step,0.1013184378455329,5.0
122d8894,deployed,0.8125,0.8125,0.7102272727272727,-0.10227272727272729,True,0.0,0.050000011920928955,,0,False,37003217.2265625,,,,2,64,5,2,stride,32,8,16,False,False,1,flatten,0.10619117287600165,tdbn,0.9963828702111429,adam,0.001522396930732761,0.0001425616835894642,onecycle,0.05230513317931125,5.0
03e11395,pruned_before_deploy,,,0.7329545454545454,,,,,,24,False,,,,,2,32,7,2,stride,64,8,32,False,True,1,flatten,0.3300728106994817,tdbn,1.1531194575358197,adam,0.0016022176474449357,0.0003027741633299701,none,0.028632188029129313,5.0
b89964e6,pruned_before_deploy,,,0.7329545454545454,,,,,,24,False,,,,,2,32,7,2,stride,64,8,32,False,True,1,flatten,0.3265986666424697,tdbn,0.9960410976675832,adam,0.0006630342919251688,1.8024737751189914e-05,none,0.027871788761125813,5.0
248c7dff,pruned_before_deploy,,,0.7159090909090909,,,,,,24,False,,,,,2,32,7,2,stride,64,8,32,False,True,1,flatten,0.3054946603012617,tdbn,1.0312728499869879,adam,0.0006624681170207167,0.00042732762948055435,none,0.02561068252347399,5.0
7f763dd0,pruned_before_deploy,,,0.6875,,,,,,24,False,,,,,3,32,5,2,stride,64,16,63,False,False,0,flatten,0.13434641277601314,tdbn,0.813117920230666,adam,0.0007740745511843595,2.7150658324241237e-05,step,0.13591873721320305,5.0
027db75d,pruned_before_deploy,,,0.6477272727272727,,,,,,24,False,,,,,3,32,5,2,stride,64,16,2,False,False,0,flatten,0.1410076803419622,tdbn,0.8517787228851258,adam,0.0007638698729787107,2.7437534357799157e-05,step,0.01538959939349531,5.0
70dd5472,pruned_before_deploy,,,0.4715909090909091,,,,,,8,False,,,,,4,64,7,,pool,64,8,16,False,True,1,flatten,0.16025183979719207,tdbn,1.6230118695225544,adam,0.0018113799688218974,3.1116611241577025e-05,none,0.01556746331750658,1.0
5a11a542,pruned_before_deploy,,,0.6818181818181818,,,,,,24,False,,,,,3,32,5,2,stride,64,16,63,False,False,0,flatten,0.1406467572469119,tdbn,0.8475769608592367,adam,0.0007617439178413992,2.287998869105512e-06,none,0.10804323763017795,5.0
d8bd2756,pruned_before_deploy,,,0.6818181818181818,,,,,,24,False,,,,,3,32,5,2,stride,64,16,2,False,False,0,flatten,0.13866134911563827,tdbn,0.8570836432986918,adam,0.0008123674013159038,2.0812394979387053e-06,step,0.1384592466953747,5.0
1c2498d7,deployed,0.8238636363636364,0.8238636363636364,0.7329545454545454,-0.09090909090909094,True,0.0,0.1876969337463379,,0,False,74527591.48169032,,,,2,64,7,2,stride,32,8,2,False,False,0,flatten,0.17881021709956924,bn,,adam,0.0008666123650641318,0.00017239063469481108,step,0.1147098417677041,5.0
ec0562be,pruned_before_deploy,,,0.6875,,,,,,24,False,,,,,3,32,5,2,stride,64,16,63,False,False,0,flatten,0.14042411666024038,tdbn,0.8578089868142282,adam,0.0007575635547630698,2.316802209036029e-06,step,0.10875155316453704,5.0
3c1e2fb1,deployed,0.8068181818181818,0.8068181818181818,0.7102272727272727,-0.09659090909090906,True,0.0,0.2542111277580261,,0,False,74209887.70898438,,,,2,32,5,,pool,32,16,3,True,False,0,flatten,0.2930883847265682,bn,,adamw,0.0017048333762287547,2.3742270993701614e-05,none,0.05460392889106563,1.0
5d16fd16,pruned_before_deploy,,,0.6193181818181818,,,,,,8,False,,,,,2,64,5,2,stride,32,8,6,False,False,0,flatten,0.18794356208023832,tdbn,0.9299002334162049,adam,0.00206487353440377,0.0006317878627786314,onecycle,0.059984585328435015,1.0
4cd51cfc,pruned_before_deploy,,,0.6306818181818182,,,,,,8,False,,,,,2,64,5,2,stride,32,8,6,False,False,0,flatten,0.17786481280782934,tdbn,1.1661555841011757,adamw,0.002019151114980096,0.002252559661157366,onecycle,0.03922696185304097,1.0
5f327f18,pruned_before_deploy,,,0.6420454545454546,,,,,,8,False,,,,,2,64,5,2,stride,32,8,6,False,False,0,flatten,0.19018694741947192,tdbn,0.9155536984674304,adamw,0.0015106761018569613,0.001976097939809858,onecycle,0.06097927334102678,1.0
9776990a,pruned_before_deploy,,,0.6022727272727273,,,,,,8,False,,,,,2,64,5,2,stride,32,8,6,False,False,0,flatten,0.1529345920339439,tdbn,0.9399551669522811,adamw,0.001929610847569566,0.0019966441038514614,onecycle,0.06370208997810176,1.0
4b4eec07,pruned_before_deploy,,,0.5852272727272727,,,,,,8,False,,,,,2,64,5,2,stride,32,8,2,False,False,0,flatten,0.18760999729375322,tdbn,0.9365039044569055,adam,0.0021207511887851613,6.40182945023694e-06,onecycle,0.06077103754000798,1.0
ec9155fe,pruned_before_deploy,,,0.7670454545454546,,,,,,24,False,,,,,2,32,5,2,stride,32,16,6,False,False,0,flatten,0.14642045193240402,tdbn,0.9282251740251743,adam,0.002058358935591006,2.9791904656460163e-05,step,0.13489957471917216,1.0
4cd14d3a,deployed,0.7784090909090909,0.7784090909090909,0.7102272727272727,-0.06818181818181823,True,0.0,0.050000011920928955,,0,False,8888169.319444444,,,,2,32,5,2,stride,32,16,4,False,False,0,flatten,0.1385501786218513,tdbn,0.9282831387049688,adamw,0.003725380592984945,0.004088761751074126,step,0.011332747762153247,1.0
30d5dd28,pruned_before_deploy,,,0.7329545454545454,,,,,,24,False,,,,,4,64,5,2,stride,64,8,32,True,False,0,flatten,0.39869597651651933,tdbn,1.052242084978138,adamw,0.0017191128515041296,0.0005945464338772388,none,0.030959529331102742,0.0
2b3704e8,deployed,0.8181818181818182,0.8181818181818182,0.6818181818181818,-0.13636363636363646,True,0.0,0.19964253902435303,,0,False,11365283.6171875,,,,2,32,5,2,stride,32,16,2,False,False,0,flatten,0.1334548118266452,tdbn,0.8796869048528131,adam,0.0020670921060404537,3.217293246039056e-05,onecycle,0.13617047182794367,1.0
11db5157,pruned_before_deploy,,,0.7215909090909091,,,,,,24,False,,,,,4,64,7,2,stride,64,8,32,True,False,0,flatten,0.40895132293445313,tdbn,1.074607405709488,adamw,0.0005869781818399436,0.00038247076243110554,none,0.02729620071532428,0.0
4e620900,deployed,0.8011363636363636,0.8011363636363636,0.7329545454545454,-0.06818181818181823,True,0.0,0.050000011920928955,,0,False,8944666.088541668,,,,2,32,5,2,stride,32,16,4,False,False,0,flatten,0.13590135214353827,tdbn,0.9013829358737849,adam,0.00376006316592902,2.7984661532462027e-05,step,0.13343077688765853,1.0
0b25209d,deployed,0.8181818181818182,0.8181818181818182,0.7215909090909091,-0.09659090909090917,True,0.0,0.050000011920928955,,0,False,10468989.960069444,,,,2,32,5,2,stride,32,16,2,False,False,0,flatten,0.24864251681664726,tdbn,0.9007681998599121,adam,0.0021781331008966943,2.803939789246051e-05,step,0.1363424409484873,1.0
c54a2591,deployed,0.8125,0.8125,0.6761363636363636,-0.13636363636363635,True,0.0,0.14696383476257324,,0,False,10936324.5234375,,,,2,32,5,2,stride,32,16,2,False,False,0,flatten,0.18612860957093447,tdbn,0.8813321396786059,adam,0.0021436583167797774,2.9779550467049388e-05,onecycle,0.1308840233446305,1.0
fc903610,deployed,0.8125,0.8125,0.7386363636363636,-0.07386363636363635,True,0.0,0.050000011920928955,,0,False,10892641.598090278,,,,2,32,5,2,stride,32,16,2,False,False,0,flatten,0.1361694962451699,tdbn,0.9202974383417307,adam,0.00206047685788032,3.1046545674851943e-05,step,0.1327786454455454,1.0
d32b905f,deployed,0.8068181818181818,0.8068181818181818,0.7215909090909091,-0.08522727272727271,True,0.0,0.18488532304763794,,0,False,10690647.359375,,,,2,32,5,2,stride,32,8,2,False,False,0,flatten,0.13591146097960383,tdbn,0.8815945210532325,adam,0.0020112563305059203,3.5758234656783464e-05,step,0.03803306555009198,1.0
86d9d4ec,deployed,0.8295454545454546,0.8295454545454546,0.7386363636363636,-0.09090909090909094,True,0.0,0.050000011920928955,,0,False,10482116.330729168,,,,2,32,5,2,stride,32,8,2,False,False,0,flatten,0.13450662809204883,tdbn,0.9169001450418781,adam,0.0022340232245911533,2.3163586020662594e-05,step,0.061581586518544756,1.0
de654d62,deployed,0.8238636363636364,0.8238636363636364,0.7102272727272727,-0.11363636363636365,True,0.0,0.050000011920928955,,0,False,10546639.190104168,,,,2,32,5,2,stride,32,8,2,False,False,0,flatten,0.13539977082128107,tdbn,0.9155997716487498,adam,0.0020920184300945144,3.168005078444038e-05,step,0.040774283477218246,1.0
197ea54d,deployed,0.8920454545454546,0.8920454545454546,0.6875,-0.20454545454545459,True,0.0,0.21967774629592896,,0,False,353448030.2597656,,,,2,64,7,,pool,32,8,8,False,False,0,flatten,0.2930800528888514,bn,,adam,0.0012139981139166372,1.2075161959404902e-06,onecycle,0.17554355716434056,5.0
bbfbea59,pruned_before_deploy,,,0.625,,,,,,8,False,,,,,2,32,5,,pool,32,16,4,False,False,0,flatten,0.12580381107952715,tdbn,1.2628669110464625,adamw,0.0026714931746868453,0.009063105780920953,step,0.1506709820813706,1.0
e2839865,deployed,0.8295454545454546,0.8295454545454546,0.7386363636363636,-0.09090909090909094,True,0.0,0.4809988737106323,,0,False,37004615.99045139,,,,2,64,5,2,stride,32,16,4,True,False,0,flatten,0.15925023890206336,tdbn,0.8954088754404436,adamw,0.0007791364042182167,0.002554110237297974,step,0.016194875521613222,1.0
aa2636af,pruned_before_deploy,,,0.17045454545454544,,,,,,8,False,,,,,2,32,5,,pool,32,16,4,False,False,0,flatten,0.12684383832298965,tdbn,1.764951360977988,adamw,0.0040685522998493125,0.008835903598548567,step,0.15514764585730703,1.0
c0e83f45,pruned_before_deploy,,,0.7215909090909091,,,,,,24,False,,,,,4,32,5,,pool,64,8,8,True,True,1,flatten,0.10261027380263803,tdbn,1.460128866669567,adam,0.0016732770765176444,1.2765398664780787e-07,step,0.1309839368095924,5.0
c1bebdc7,pruned_before_deploy,,,0.6306818181818182,,,,,,8,False,,,,,2,32,5,,pool,32,8,2,False,False,0,flatten,0.2810863176193587,bn,,adam,0.0027432560157700492,1.0139147197533162e-07,onecycle,0.15198314002980118,1.0
423832cb,pruned_before_deploy,,,0.5,,,,,,8,False,,,,,2,32,5,,pool,32,16,4,False,False,0,flatten,0.12338896035032476,tdbn,1.9956737931374264,adamw,0.0038725240546876667,0.006620362034337122,step,0.1534151032681596,1.0
22c08248,pruned_before_deploy,,,0.4772727272727273,,,,,,8,False,,,,,2,64,5,,pool,32,8,2,False,False,0,flatten,0.18433320031263611,tdbn,1.1898580024962018,adamw,0.001961081975749462,1.9686751023349742e-05,onecycle,0.06485493685072888,1.0
0761b769,pruned_before_deploy,,,0.23295454545454544,,,,,,8,False,,,,,2,64,7,,pool,32,8,2,False,False,0,flatten,0.2715113679274056,tdbn,1.7909100488223184,adamw,0.0029070105327220733,2.069629896125109e-05,step,0.09303612411069463,1.0
f34d08c3,deployed,0.8068181818181818,0.8068181818181818,0.6761363636363636,-0.13068181818181812,True,0.0,0.1688326597213745,,0,False,35016139.464409724,,,,2,64,5,2,stride,32,8,6,False,False,0,flatten,0.17642978879026142,tdbn,0.9411729231148422,adamw,0.0019566880951196364,0.0017057782929998542,onecycle,0.03972841169333133,1.0
c035d73a,deployed,0.8125,0.8125,0.6818181818181818,-0.13068181818181823,True,0.0,0.348904013633728,,0,False,35979750.86631945,,,,2,64,5,2,stride,32,8,2,False,False,0,flatten,0.18966779921604832,tdbn,0.9434209591194866,adam,0.0020362981861910654,0.0005679105615234148,onecycle,0.09192974811521336,1.0
2726c519,pruned_before_deploy,,,0.6306818181818182,,,,,,8,False,,,,,2,64,5,,pool,32,16,2,False,False,0,flatten,0.27434340886214525,tdbn,1.7836900956042,adamw,0.0028299540645769588,0.00027465309407207004,step,0.09137696471044576,1.0
d8d49c21,pruned_before_deploy,,,0.6136363636363636,,,,,,8,False,,,,,2,64,5,2,stride,32,8,2,False,False,0,flatten,0.16504612684245026,tdbn,0.717565171284232,adam,0.002322943306979358,5.059235914335838e-07,onecycle,0.19017419029947852,1.0
80642353,pruned_before_deploy,,,0.6136363636363636,,,,,,8,False,,,,,2,64,5,2,stride,32,8,2,False,False,0,flatten,0.16288369358558386,tdbn,0.7007377565398933,adam,0.0022949550342899784,8.182644220782919e-05,onecycle,0.18444329322326322,1.0
dd0680e6,pruned_before_deploy,,,0.5113636363636364,,,,,,8,False,,,,,2,64,5,2,stride,32,8,2,False,False,0,flatten,0.20560342533229423,tdbn,0.9843689865081581,adam,0.0023177440108999576,7.81215014046236e-05,onecycle,0.18236940920381237,1.0
c2c8950d,pruned_before_deploy,,,0.6363636363636364,,,,,,8,False,,,,,2,64,5,2,stride,32,8,2,False,False,0,flatten,0.2044128206250373,tdbn,0.6834668106281365,adam,0.002234846883417148,9.908700482464006e-05,onecycle,0.18159479623844393,1.0
44d58752,pruned_before_deploy,,,0.5284090909090909,,,,,,8,False,,,,,2,64,5,2,stride,32,8,2,False,False,0,flatten,0.15823566379130077,tdbn,0.6750602172889575,adam,0.002205489424307504,0.00010406620379871197,onecycle,0.18775357136020637,1.0
133f832d,pruned_before_deploy,,,0.6477272727272727,,,,,,8,False,,,,,2,64,5,2,stride,32,8,2,False,False,0,flatten,0.1682411788665666,tdbn,0.6784105936261694,adam,0.002328452225099681,7.237831098484438e-07,onecycle,0.19312991226494222,1.0
afc0f34a,pruned_before_deploy,,,0.75,,,,,,24,False,,,,,2,32,7,2,stride,64,8,8,False,True,0,flatten,0.28906251663815696,bn,,adam,0.0017839373166155623,0.00045352765966197024,none,0.03049898441481658,5.0
f6cf3708,pruned_before_deploy,,,0.5965909090909091,,,,,,8,False,,,,,2,64,5,2,stride,32,8,2,False,False,0,flatten,0.2109773309348889,tdbn,0.6480225960842836,adam,0.002223637202876952,9.558617590015268e-05,onecycle,0.15994944116657248,1.0
9880b979,pruned_before_deploy,,,0.75,,,,,,24,False,,,,,2,32,7,2,stride,64,16,8,False,True,1,flatten,0.33561385571515306,bn,,adam,0.0014555729913869157,1.58857644304942e-05,cosine,0.1323678324821868,5.0
33adc2fb,pruned_before_deploy,,,0.7670454545454546,,,,,,24,False,,,,,2,32,5,,pool,32,8,2,False,False,0,flatten,0.2770039227367868,bn,,adam,0.0022520893191486247,9.917351915232477e-05,onecycle,0.16076449349622204,1.0
7e8d3ce1,pruned_before_deploy,,,0.7159090909090909,,,,,,24,False,,,,,2,32,7,2,stride,64,16,16,False,True,1,flatten,0.3557284058993514,bn,,adam,0.0015828079443625256,1.5211709220299998e-05,cosine,0.12576735584947552,5.0
0cfdcf45,pruned_before_deploy,,,0.6079545454545454,,,,,,8,False,,,,,2,64,5,2,stride,32,8,8,False,False,0,flatten,0.15584735922518955,tdbn,0.9821632829166944,adam,0.0024870104488880765,9.885374359751014e-05,step,0.16058584744764812,1.0
ff3a4c37,pruned_before_deploy,,,0.7159090909090909,,,,,,24,False,,,,,2,32,7,2,stride,64,16,16,False,True,1,flatten,0.3416465835720175,bn,,adam,0.000652860702794588,1.8072016278170852e-06,cosine,0.12632223513957958,5.0
5ce2c923,pruned_before_deploy,,,0.7102272727272727,,,,,,24,False,,,,,2,32,7,2,stride,64,8,8,False,True,1,flatten,0.3037490734074164,bn,,adam,0.0006674030752494011,0.0004284019427266427,none,0.02654167790984208,5.0
644690ee,pruned_before_deploy,,,0.6988636363636364,,,,,,24,False,,,,,3,64,5,,pool,64,8,63,True,True,0,flatten,0.2509869832626466,tdbn,0.8777091614189921,adamw,0.0017918282823500737,0.0012877192596963342,none,0.18462397892626065,5.0
5503aee6,pruned_before_deploy,,,0.7102272727272727,,,,,,24,False,,,,,2,32,7,2,stride,64,8,8,False,True,1,flatten,0.25650516559498976,bn,,adam,0.0006677726797585771,0.00041837230370634216,none,0.028576029388955773,5.0
bef452fa,pruned_before_deploy,,,0.7329545454545454,,,,,,24,False,,,,,2,32,7,2,stride,64,8,8,False,True,1,flatten,0.3130492900090597,bn,,adam,0.0006349344817001352,0.0003786943911782452,none,0.12735302465784976,5.0
a01c6dcf,pruned_before_deploy,,,0.4318181818181818,,,,,,8,False,,,,,2,64,5,,pool,32,8,2,False,False,0,flatten,0.17087569282368562,tdbn,0.9846903472977996,adam,0.0023209740864411368,0.00010372129661567067,onecycle,0.18385967025262928,1.0
e2d1cef5,pruned_before_deploy,,,0.7215909090909091,,,,,,24,False,,,,,2,32,7,2,stride,64,8,8,False,True,1,flatten,0.3071770557498747,bn,,adam,0.0006141962623908661,0.00046441302726581715,none,0.028201128793694633,5.0
80d6d9ce,pruned_before_deploy,,,0.625,,,,,,8,False,,,,,2,64,5,,pool,32,8,2,False,False,0,flatten,0.17031119926486993,tdbn,0.6584000770112518,adam,0.002230487820406378,9.754323451875373e-05,onecycle,0.19462601130623883,1.0
a6cfaa0a,pruned_before_deploy,,,0.7556818181818182,,,,,,24,False,,,,,2,32,5,,pool,32,16,2,False,False,0,flatten,0.12350893586806777,tdbn,1.7758326627501324,adam,0.0023740580508245777,8.448434124317025e-05,onecycle,0.15696177545165987,1.0
4db83b06,pruned_before_deploy,,,0.7272727272727273,,,,,,24,False,,,,,3,64,5,,pool,64,16,8,False,False,1,flatten,0.18427393331795866,tdbn,1.591639160807035,adamw,0.0005058017911520518,1.7181445816222277e-05,none,0.03528605253813912,1.0
cf4339fa,deployed,0.8465909090909091,0.8465909090909091,0.7215909090909091,-0.125,True,0.0,0.050000011920928955,,0,False,61963435.3359375,,,,2,32,5,,pool,32,8,2,False,False,0,flatten,0.2774298244137318,bn,,adam,0.002509042385264618,9.038810101077043e-05,onecycle,0.15728964584952856,1.0
6234384a,deployed,0.8352272727272727,0.8352272727272727,0.7045454545454546,-0.13068181818181812,True,0.0,0.050000011920928955,,0,False,41564970.32725695,,,,2,64,5,2,stride,32,8,2,False,False,0,flatten,0.2671505168831203,tdbn,0.9807933330252396,adam,0.00225158838387349,9.189605677659936e-07,step,0.19641483510088914,1.0
e3ea4f7a,deployed,0.8409090909090909,0.8409090909090909,0.7386363636363636,-0.10227272727272729,True,0.0,0.050000011920928955,,0,False,27545951.026041668,,,,2,64,5,2,stride,32,8,2,False,False,0,flatten,0.2634432972965577,tdbn,0.6367127343012449,adam,0.0024501065686845973,1.0548829445658e-06,step,0.19507324484662067,1.0
53702e56,deployed,0.8295454545454546,0.8295454545454546,0.6931818181818182,-0.13636363636363635,True,0.0,0.050000011920928955,,0,False,32438594.506944444,,,,2,64,5,2,stride,32,8,2,False,False,0,flatten,0.1667512307350647,tdbn,0.6811160056920376,adam,0.002342453725075596,3.627317510527007e-07,onecycle,0.18589638346481152,1.0
4a17d5a8,deployed,0.8238636363636364,0.8238636363636364,0.7670454545454546,-0.05681818181818177,True,0.0,0.050000011920928955,,0,False,44098349.89453125,,,,2,32,5,,pool,32,16,2,False,False,0,flatten,0.1213596465424491,tdbn,0.6665557642538515,adamw,0.0027798552686395983,0.007806817276033161,step,0.158653195029695,1.0
d2ad582f,deployed,0.8409090909090909,0.8409090909090909,0.7386363636363636,-0.10227272727272729,True,0.0,0.4465146064758301,,0,False,33131889.961805556,,,,2,64,5,2,stride,32,8,8,False,False,0,flatten,0.15549146515671367,tdbn,0.983122863382662,adam,0.002220106468968829,0.00010649552388485908,onecycle,0.1618675285512579,1.0
d33007fc,deployed,0.8238636363636364,0.8238636363636364,0.7215909090909091,-0.10227272727272729,True,0.0,0.2175734043121338,,0,False,29320846.761284724,,,,2,64,5,2,stride,32,8,8,False,False,0,flatten,0.26283975454336655,tdbn,0.9960359689418921,adam,0.0018498486609972672,4.396880769008072e-05,step,0.1596409288803296,1.0
739a4f29,pruned_before_deploy,,,0.75,,,,,,24,False,,,,,2,64,7,,pool,32,8,2,False,False,0,flatten,0.36719589186576396,tdbn,1.308769368180723,adamw,0.00292877786580002,1.9718414935256056e-05,step,0.03739595522908251,1.0
c2b58d81,deployed,0.8522727272727273,0.8522727272727273,0.7897727272727273,-0.0625,True,0.0,0.050000011920928955,,0,False,45255943.076171875,,,,2,32,5,,pool,32,16,2,False,False,0,flatten,0.1259010997761694,tdbn,0.6575559864004719,adam,0.0027736191580018978,2.0894668461858813e-05,step,0.15584105420394218,1.0
a5cfb5d0,deployed,0.8579545454545454,0.8579545454545454,0.7443181818181818,-0.11363636363636365,True,0.0,0.050000011920928955,,0,False,139600008.25390625,,,,2,64,5,,pool,32,8,2,False,False,0,flatten,0.16970933397826832,tdbn,0.697675949542417,adam,0.0022308658211413557,6.155764187076258e-07,onecycle,0.17786391964635143,1.0
